<?xml version="1.0" encoding="UTF-8"?>
<log4php:configuration xmlns:log4php="http://logging.apache.org/log4php/"
	threshold="all" debug="false">

   <!-- ================================= -->
   <!-- Preserve messages in a local file -->
   <!-- ================================= -->

   <!-- A time/date based rolling appender -->
   <appender name="eventJournal" class="LoggerAppenderDailyFile">
      <param name="File" value="${mnbank.log.dir}/event_%s.log"/>
      <param name="Append" value="true"/>
      <param name="Threshold" value="DEBUG"/>
      <!-- Rollover at midnight each day -->
      <param name="DatePattern" value="Ymd"/>


      <layout class="LoggerLayoutPattern">
         <!-- The default pattern: Date Priority [Category] Message\n -->
         <param name="ConversionPattern" value="%m%n"/>
      </layout>
   </appender>
  <logger name="EventJournal">
	<level value="DEBUG"/>
	<appender-ref ref="eventJournal"/>
  </logger>
    <root>
        <level value="DEBUG" />
        <appender_ref ref="eventJournal" />
    </root>
</log4php:configuration>